{"jungles1monkey":0.5734401135236665,"pharaohdoor":0.50449175}