{"jungles1monkey":0.5734401135236665,"junglecaveset":0.9757389671337353,"pharaohchest":0.7056943209317746,"pharaohset":0.91342284598963,"jungleset":0.669662777386847,"jungletablestart":0.654814790909091,"jungles1rihno":0.6377562509082685,"pharaoheye":0.7064729426171611,"pharaohmummy":0.8095838293737084,"junglecavechest":0.566634426744583,"junglecavebox":0.653986139180777,"pharaohdoor":0.50449175,"jungles2":0.6365959,"jungleend":0.546458923985356,"pharaohlibra":0.674156929992876}